Field,Tag
Sports,Sports
Sports,Sports
Sports,Sports
Sports,Sports
Sports,Sports
Sports,Sports
Sports,Sports
Sports,Sports
Sports,Sports
Sports,Sports
Sports,Sports
Sports,Sports
Sports,Sports
Sports,Sports
Sports,Sports
Sports,Sports
Sports,Sports
Sports,Sports
Sports,Sports
Sports,Sports
Sports,Sports
Sports,Sports
Sports,Sports
Sports,Sports
Sports,Sports
Sports,Sports
Sports,Sports
Sports,Sports
Sports,Sports
Sports,Sports
Sports,Sports
Sports,Sports
Sports,Sports
Sports,Sports
Sports,Sports
Sports,Sports
Sports,Sports
Sports,Sports
Sports,Sports
Sports,Sports
Sports,Sports
Sports,Sports
Sports,Sports
Sports,Sports
Sports,Sports
Sports,Sports
Sports,Sports
Sports,Sports
Sports,Sports
Sports,Sports
Sports,Sports
Sports,Sports
Sports,Sports
Sports,Sports
Sports,Sports
Sports,Sports
Sports,Sports
Sports,Sports
Sports,Sports
Sports,Sports
Sports,Sports
Sports,Sports
Sports,Sports
Sports,Sports
Sports,Sports
Health_and_Medicine,Sports
Health_and_Medicine,Sports
Health_and_Medicine,Sports
Health_and_Medicine,Sports
Health_and_Medicine,Sports
Health_and_Medicine,Sports
Health_and_Medicine,Sports
Health_and_Medicine,Sports
Health_and_Medicine,Sports
Health_and_Medicine,Sports
Dance,Sports
Dance,Sports
Dance,Sports
Dance,Sports
Dance,Sports
Dance,Sports
Dance,Sports
Dance,Sports
Dance,Sports
Dance,Sports
Dance,Sports
Dance,Sports
Dance,Sports
Dance,Sports
Dance,Sports
Dance,Sports
Dance,Sports
Dance,Sports
Dance,Sports
Dance,Sports
Volunteering,Sports
Volunteering,Sports
Volunteering,Sports
Volunteering,Sports
Volunteering,Sports
Health_and_Medicine,Health_and_Medicine
Health_and_Medicine,Health_and_Medicine
Health_and_Medicine,Health_and_Medicine
Health_and_Medicine,Health_and_Medicine
Health_and_Medicine,Health_and_Medicine
Health_and_Medicine,Health_and_Medicine
Health_and_Medicine,Health_and_Medicine
Health_and_Medicine,Health_and_Medicine
Health_and_Medicine,Health_and_Medicine
Health_and_Medicine,Health_and_Medicine
Health_and_Medicine,Health_and_Medicine
Health_and_Medicine,Health_and_Medicine
Health_and_Medicine,Health_and_Medicine
Health_and_Medicine,Health_and_Medicine
Health_and_Medicine,Health_and_Medicine
Health_and_Medicine,Health_and_Medicine
Health_and_Medicine,Health_and_Medicine
Health_and_Medicine,Health_and_Medicine
Health_and_Medicine,Health_and_Medicine
Health_and_Medicine,Health_and_Medicine
Health_and_Medicine,Health_and_Medicine
Health_and_Medicine,Health_and_Medicine
Health_and_Medicine,Health_and_Medicine
Health_and_Medicine,Health_and_Medicine
Health_and_Medicine,Health_and_Medicine
Health_and_Medicine,Health_and_Medicine
Health_and_Medicine,Health_and_Medicine
Health_and_Medicine,Health_and_Medicine
Health_and_Medicine,Health_and_Medicine
Health_and_Medicine,Health_and_Medicine
Health_and_Medicine,Health_and_Medicine
Health_and_Medicine,Health_and_Medicine
Health_and_Medicine,Health_and_Medicine
Health_and_Medicine,Health_and_Medicine
Health_and_Medicine,Health_and_Medicine
Health_and_Medicine,Health_and_Medicine
Health_and_Medicine,Health_and_Medicine
Health_and_Medicine,Health_and_Medicine
Health_and_Medicine,Health_and_Medicine
Health_and_Medicine,Health_and_Medicine
Health_and_Medicine,Health_and_Medicine
Health_and_Medicine,Health_and_Medicine
Health_and_Medicine,Health_and_Medicine
Health_and_Medicine,Health_and_Medicine
Health_and_Medicine,Health_and_Medicine
Health_and_Medicine,Health_and_Medicine
Health_and_Medicine,Health_and_Medicine
Health_and_Medicine,Health_and_Medicine
Health_and_Medicine,Health_and_Medicine
Health_and_Medicine,Health_and_Medicine
STEM,Health_and_Medicine
STEM,Health_and_Medicine
STEM,Health_and_Medicine
STEM,Health_and_Medicine
STEM,Health_and_Medicine
STEM,Health_and_Medicine
STEM,Health_and_Medicine
STEM,Health_and_Medicine
STEM,Health_and_Medicine
STEM,Health_and_Medicine
STEM,Health_and_Medicine
STEM,Health_and_Medicine
STEM,Health_and_Medicine
STEM,Health_and_Medicine
STEM,Health_and_Medicine
STEM,Health_and_Medicine
STEM,Health_and_Medicine
STEM,Health_and_Medicine
STEM,Health_and_Medicine
STEM,Health_and_Medicine
STEM,Health_and_Medicine
STEM,Health_and_Medicine
STEM,Health_and_Medicine
STEM,Health_and_Medicine
STEM,Health_and_Medicine
STEM,Health_and_Medicine
STEM,Health_and_Medicine
STEM,Health_and_Medicine
STEM,Health_and_Medicine
STEM,Health_and_Medicine
Social_Activism,Health_and_Medicine
Social_Activism,Health_and_Medicine
Social_Activism,Health_and_Medicine
Social_Activism,Health_and_Medicine
Social_Activism,Health_and_Medicine
Social_Activism,Health_and_Medicine
Social_Activism,Health_and_Medicine
Social_Activism,Health_and_Medicine
Social_Activism,Health_and_Medicine
Social_Activism,Health_and_Medicine
Volunteering,Health_and_Medicine
Volunteering,Health_and_Medicine
Volunteering,Health_and_Medicine
Volunteering,Health_and_Medicine
Volunteering,Health_and_Medicine
Volunteering,Health_and_Medicine
Volunteering,Health_and_Medicine
Volunteering,Health_and_Medicine
Volunteering,Health_and_Medicine
Volunteering,Health_and_Medicine
Education,Education
Education,Education
Education,Education
Education,Education
Education,Education
Education,Education
Education,Education
Education,Education
Education,Education
Education,Education
Education,Education
Education,Education
Education,Education
Education,Education
Education,Education
Education,Education
Education,Education
Education,Education
Education,Education
Education,Education
Education,Education
Education,Education
Education,Education
Education,Education
Education,Education
Education,Education
Education,Education
Education,Education
Education,Education
Education,Education
Education,Education
Education,Education
Education,Education
Education,Education
Education,Education
STEM,Education
STEM,Education
STEM,Education
STEM,Education
STEM,Education
STEM,Education
STEM,Education
STEM,Education
STEM,Education
STEM,Education
STEM,Education
STEM,Education
STEM,Education
Volunteering,Education
Volunteering,Education
Volunteering,Education
Volunteering,Education
Volunteering,Education
Volunteering,Education
Volunteering,Education
Volunteering,Education
Volunteering,Education
Volunteering,Education
Volunteering,Education
Volunteering,Education
Volunteering,Education
Volunteering,Education
Volunteering,Education
Social_Activism,Education
Social_Activism,Education
Social_Activism,Education
Social_Activism,Education
Social_Activism,Education
Social_Activism,Education
Social_Activism,Education
Social_Activism,Education
Social_Activism,Education
Social_Activism,Education
Literature,Education
Literature,Education
Literature,Education
Literature,Education
Literature,Education
Literature,Education
Literature,Education
Literature,Education
Law,Education
Law,Education
Law,Education
Law,Education
Law,Education
Health_and_Medicine,Education
Health_and_Medicine,Education
Health_and_Medicine,Education
Health_and_Medicine,Education
Health_and_Medicine,Education
Finance,Education
Finance,Education
Current_Events,Education
Current_Events,Education
Current_Events,Education
Current_Events,Education
International,Education
International,Education
International,Education
Finance,Finance
Finance,Finance
Finance,Finance
Finance,Finance
Finance,Finance
Finance,Finance
Finance,Finance
Finance,Finance
Finance,Finance
Finance,Finance
Finance,Finance
Finance,Finance
Finance,Finance
Finance,Finance
Finance,Finance
Finance,Finance
Finance,Finance
Finance,Finance
Finance,Finance
Finance,Finance
Finance,Finance
Finance,Finance
Finance,Finance
Finance,Finance
Finance,Finance
Finance,Finance
Finance,Finance
Finance,Finance
Finance,Finance
Finance,Finance
Finance,Finance
Finance,Finance
Finance,Finance
Finance,Finance
Finance,Finance
Finance,Finance
Finance,Finance
Finance,Finance
Finance,Finance
Finance,Finance
Finance,Finance
Finance,Finance
Finance,Finance
Finance,Finance
Finance,Finance
STEM,Finance
STEM,Finance
STEM,Finance
STEM,Finance
STEM,Finance
STEM,Finance
STEM,Finance
STEM,Finance
STEM,Finance
STEM,Finance
STEM,Finance
STEM,Finance
STEM,Finance
STEM,Finance
STEM,Finance
STEM,Finance
STEM,Finance
STEM,Finance
STEM,Finance
STEM,Finance
STEM,Finance
STEM,Finance
STEM,Finance
STEM,Finance
STEM,Finance
STEM,Finance
STEM,Finance
STEM,Finance
STEM,Finance
STEM,Finance
Law,Finance
Law,Finance
Law,Finance
Law,Finance
Law,Finance
Law,Finance
Law,Finance
Law,Finance
Law,Finance
Law,Finance
Current_Events,Finance
Current_Events,Finance
Current_Events,Finance
International,Finance
International,Finance
Literature,Finance
Literature,Finance
Literature,Finance
Literature,Finance
Literature,Finance
Social_Activism,Finance
Social_Activism,Finance
Social_Activism,Finance
Social_Activism,Finance
Social_Activism,Finance
STEM,STEM
STEM,STEM
STEM,STEM
STEM,STEM
STEM,STEM
STEM,STEM
STEM,STEM
STEM,STEM
STEM,STEM
STEM,STEM
STEM,STEM
STEM,STEM
STEM,STEM
STEM,STEM
STEM,STEM
STEM,STEM
STEM,STEM
STEM,STEM
STEM,STEM
STEM,STEM
STEM,STEM
STEM,STEM
STEM,STEM
STEM,STEM
STEM,STEM
STEM,STEM
STEM,STEM
STEM,STEM
STEM,STEM
STEM,STEM
STEM,STEM
STEM,STEM
STEM,STEM
STEM,STEM
STEM,STEM
Education,STEM
Education,STEM
Education,STEM
Education,STEM
Education,STEM
Education,STEM
Education,STEM
Education,STEM
Education,STEM
Education,STEM
Education,STEM
Education,STEM
Education,STEM
Education,STEM
Education,STEM
Volunteering,STEM
Volunteering,STEM
Volunteering,STEM
Volunteering,STEM
Volunteering,STEM
Social_Activism,STEM
Social_Activism,STEM
Social_Activism,STEM
Social_Activism,STEM
Social_Activism,STEM
Literature,STEM
Literature,STEM
Literature,STEM
Literature,STEM
Literature,STEM
Literature,STEM
Literature,STEM
Literature,STEM
Current_Events,STEM
Current_Events,STEM
Current_Events,STEM
International,STEM
Law,STEM
Law,STEM
Law,STEM
Law,STEM
Law,STEM
Health_and_Medicine,STEM
Health_and_Medicine,STEM
Health_and_Medicine,STEM
Health_and_Medicine,STEM
Health_and_Medicine,STEM
Health_and_Medicine,STEM
Health_and_Medicine,STEM
Health_and_Medicine,STEM
Health_and_Medicine,STEM
Health_and_Medicine,STEM
Health_and_Medicine,STEM
Health_and_Medicine,STEM
Health_and_Medicine,STEM
Health_and_Medicine,STEM
Health_and_Medicine,STEM
Finance,STEM
Finance,STEM
Finance,STEM
Finance,STEM
Finance,STEM
Finance,STEM
Finance,STEM
Finance,STEM
Literature,Literature
Literature,Literature
Literature,Literature
Literature,Literature
Literature,Literature
Literature,Literature
Literature,Literature
Literature,Literature
Literature,Literature
Literature,Literature
Literature,Literature
Literature,Literature
Literature,Literature
Literature,Literature
Literature,Literature
Literature,Literature
Literature,Literature
Literature,Literature
Literature,Literature
Literature,Literature
Literature,Literature
Literature,Literature
Literature,Literature
Literature,Literature
Literature,Literature
Literature,Literature
Literature,Literature
Literature,Literature
Literature,Literature
Literature,Literature
Literature,Literature
Literature,Literature
Literature,Literature
Literature,Literature
Literature,Literature
Literature,Literature
Literature,Literature
Literature,Literature
Education,Literature
Education,Literature
Education,Literature
Education,Literature
Education,Literature
Education,Literature
Education,Literature
Education,Literature
Social_Activism,Literature
Social_Activism,Literature
Social_Activism,Literature
Social_Activism,Literature
Social_Activism,Literature
Social_Activism,Literature
Social_Activism,Literature
Social_Activism,Literature
Social_Activism,Literature
Social_Activism,Literature
Social_Activism,Literature
Social_Activism,Literature
Social_Activism,Literature
Social_Activism,Literature
Social_Activism,Literature
Law,Literature
Law,Literature
Law,Literature
Law,Literature
Law,Literature
Law,Literature
Law,Literature
Current_Events,Literature
Current_Events,Literature
Current_Events,Literature
Current_Events,Literature
Current_Events,Literature
Current_Events,Literature
Current_Events,Literature
International,Literature
International,Literature
STEM,Literature
STEM,Literature
STEM,Literature
Visual_Arts,Literature
Visual_Arts,Literature
Visual_Arts,Literature
Visual_Arts,Literature
Visual_Arts,Literature
Visual_Arts,Literature
Visual_Arts,Literature
Visual_Arts,Literature
Visual_Arts,Literature
Visual_Arts,Literature
Theater,Literature
Theater,Literature
Theater,Literature
Theater,Literature
Theater,Literature
Theater,Literature
Theater,Literature
Theater,Literature
Theater,Literature
Theater,Literature
Social_Activism,Social_Activism
Social_Activism,Social_Activism
Social_Activism,Social_Activism
Social_Activism,Social_Activism
Social_Activism,Social_Activism
Social_Activism,Social_Activism
Social_Activism,Social_Activism
Social_Activism,Social_Activism
Social_Activism,Social_Activism
Social_Activism,Social_Activism
Social_Activism,Social_Activism
Social_Activism,Social_Activism
Social_Activism,Social_Activism
Social_Activism,Social_Activism
Social_Activism,Social_Activism
Social_Activism,Social_Activism
Social_Activism,Social_Activism
Social_Activism,Social_Activism
Social_Activism,Social_Activism
Social_Activism,Social_Activism
Social_Activism,Social_Activism
Social_Activism,Social_Activism
Social_Activism,Social_Activism
Social_Activism,Social_Activism
Social_Activism,Social_Activism
Social_Activism,Social_Activism
Social_Activism,Social_Activism
Social_Activism,Social_Activism
Social_Activism,Social_Activism
Social_Activism,Social_Activism
Social_Activism,Social_Activism
Social_Activism,Social_Activism
Social_Activism,Social_Activism
Social_Activism,Social_Activism
Social_Activism,Social_Activism
Education,Social_Activism
Education,Social_Activism
Education,Social_Activism
Education,Social_Activism
Education,Social_Activism
Education,Social_Activism
Education,Social_Activism
Education,Social_Activism
Education,Social_Activism
Education,Social_Activism
Literature,Social_Activism
Literature,Social_Activism
Literature,Social_Activism
Literature,Social_Activism
Literature,Social_Activism
Literature,Social_Activism
Literature,Social_Activism
Law,Social_Activism
Law,Social_Activism
Law,Social_Activism
Law,Social_Activism
Law,Social_Activism
Law,Social_Activism
Law,Social_Activism
Law,Social_Activism
Volunteering,Social_Activism
Volunteering,Social_Activism
Volunteering,Social_Activism
Volunteering,Social_Activism
Volunteering,Social_Activism
Volunteering,Social_Activism
Volunteering,Social_Activism
Volunteering,Social_Activism
Volunteering,Social_Activism
Volunteering,Social_Activism
Volunteering,Social_Activism
Volunteering,Social_Activism
Volunteering,Social_Activism
Volunteering,Social_Activism
Volunteering,Social_Activism
International,Social_Activism
International,Social_Activism
International,Social_Activism
International,Social_Activism
International,Social_Activism
Current_Events,Social_Activism
Current_Events,Social_Activism
Current_Events,Social_Activism
Current_Events,Social_Activism
Current_Events,Social_Activism
Current_Events,Social_Activism
Current_Events,Social_Activism
Current_Events,Social_Activism
Current_Events,Social_Activism
Current_Events,Social_Activism
Current_Events,Social_Activism
Current_Events,Social_Activism
Current_Events,Social_Activism
Current_Events,Social_Activism
Current_Events,Social_Activism
Visual_Arts,Social_Activism
Visual_Arts,Social_Activism
Visual_Arts,Social_Activism
Visual_Arts,Social_Activism
Visual_Arts,Social_Activism
Law,Law
Law,Law
Law,Law
Law,Law
Law,Law
Law,Law
Law,Law
Law,Law
Law,Law
Law,Law
Law,Law
Law,Law
Law,Law
Law,Law
Law,Law
Law,Law
Law,Law
Law,Law
Law,Law
Law,Law
Law,Law
Law,Law
Law,Law
Law,Law
Law,Law
Law,Law
Law,Law
Law,Law
Law,Law
Law,Law
Law,Law
Law,Law
Law,Law
Law,Law
Law,Law
Law,Law
Law,Law
Law,Law
Law,Law
Law,Law
Social_Activism,Law
Social_Activism,Law
Social_Activism,Law
Social_Activism,Law
Social_Activism,Law
Social_Activism,Law
Social_Activism,Law
Social_Activism,Law
Social_Activism,Law
Social_Activism,Law
Social_Activism,Law
Social_Activism,Law
Education,Law
Education,Law
Education,Law
Education,Law
Education,Law
Education,Law
Education,Law
Education,Law
Literature,Law
Literature,Law
Literature,Law
Literature,Law
Literature,Law
Literature,Law
Literature,Law
Literature,Law
Literature,Law
Literature,Law
Literature,Law
Literature,Law
Volunteering,Law
Volunteering,Law
Volunteering,Law
Volunteering,Law
Volunteering,Law
Finance,Law
Finance,Law
Finance,Law
Finance,Law
Finance,Law
STEM,Law
STEM,Law
STEM,Law
STEM,Law
International,Law
International,Law
International,Law
Current_Events,Law
Current_Events,Law
Current_Events,Law
Current_Events,Law
Current_Events,Law
Current_Events,Law
Current_Events,Law
Current_Events,Law
Current_Events,Law
Current_Events,Law
Current_Events,Law
Volunteering,Volunteering
Volunteering,Volunteering
Volunteering,Volunteering
Volunteering,Volunteering
Volunteering,Volunteering
Volunteering,Volunteering
Volunteering,Volunteering
Volunteering,Volunteering
Volunteering,Volunteering
Volunteering,Volunteering
Volunteering,Volunteering
Volunteering,Volunteering
Volunteering,Volunteering
Volunteering,Volunteering
Volunteering,Volunteering
Volunteering,Volunteering
Volunteering,Volunteering
Volunteering,Volunteering
Volunteering,Volunteering
Volunteering,Volunteering
Volunteering,Volunteering
Volunteering,Volunteering
Volunteering,Volunteering
Volunteering,Volunteering
Volunteering,Volunteering
Volunteering,Volunteering
Volunteering,Volunteering
Volunteering,Volunteering
Volunteering,Volunteering
Volunteering,Volunteering
Volunteering,Volunteering
Volunteering,Volunteering
Volunteering,Volunteering
Volunteering,Volunteering
Volunteering,Volunteering
Volunteering,Volunteering
Volunteering,Volunteering
Volunteering,Volunteering
Volunteering,Volunteering
Volunteering,Volunteering
Volunteering,Volunteering
Volunteering,Volunteering
Volunteering,Volunteering
Volunteering,Volunteering
Volunteering,Volunteering
Social_Activism,Volunteering
Social_Activism,Volunteering
Social_Activism,Volunteering
Social_Activism,Volunteering
Social_Activism,Volunteering
Social_Activism,Volunteering
Social_Activism,Volunteering
Social_Activism,Volunteering
Social_Activism,Volunteering
Social_Activism,Volunteering
Social_Activism,Volunteering
Social_Activism,Volunteering
Social_Activism,Volunteering
Social_Activism,Volunteering
Social_Activism,Volunteering
Social_Activism,Volunteering
Social_Activism,Volunteering
Social_Activism,Volunteering
Social_Activism,Volunteering
Social_Activism,Volunteering
Education,Volunteering
Education,Volunteering
Education,Volunteering
Education,Volunteering
Education,Volunteering
Education,Volunteering
Education,Volunteering
Education,Volunteering
Education,Volunteering
Education,Volunteering
Education,Volunteering
Education,Volunteering
Education,Volunteering
Education,Volunteering
Education,Volunteering
Current_Events,Volunteering
Current_Events,Volunteering
Current_Events,Volunteering
Current_Events,Volunteering
Current_Events,Volunteering
Current_Events,Volunteering
Current_Events,Volunteering
Current_Events,Volunteering
Current_Events,Volunteering
Current_Events,Volunteering
International,Volunteering
International,Volunteering
International,Volunteering
International,Volunteering
International,Volunteering
Visual_Arts,Volunteering
Visual_Arts,Volunteering
Visual_Arts,Volunteering
Visual_Arts,Volunteering
Visual_Arts,Volunteering
Visual_Arts,Visual_Arts
Visual_Arts,Visual_Arts
Visual_Arts,Visual_Arts
Visual_Arts,Visual_Arts
Visual_Arts,Visual_Arts
Visual_Arts,Visual_Arts
Visual_Arts,Visual_Arts
Visual_Arts,Visual_Arts
Visual_Arts,Visual_Arts
Visual_Arts,Visual_Arts
Visual_Arts,Visual_Arts
Visual_Arts,Visual_Arts
Visual_Arts,Visual_Arts
Visual_Arts,Visual_Arts
Visual_Arts,Visual_Arts
Visual_Arts,Visual_Arts
Visual_Arts,Visual_Arts
Visual_Arts,Visual_Arts
Visual_Arts,Visual_Arts
Visual_Arts,Visual_Arts
Visual_Arts,Visual_Arts
Visual_Arts,Visual_Arts
Visual_Arts,Visual_Arts
Visual_Arts,Visual_Arts
Visual_Arts,Visual_Arts
Visual_Arts,Visual_Arts
Visual_Arts,Visual_Arts
Visual_Arts,Visual_Arts
Visual_Arts,Visual_Arts
Visual_Arts,Visual_Arts
Visual_Arts,Visual_Arts
Visual_Arts,Visual_Arts
Visual_Arts,Visual_Arts
Visual_Arts,Visual_Arts
Visual_Arts,Visual_Arts
Music,Visual_Arts
Music,Visual_Arts
Music,Visual_Arts
Music,Visual_Arts
Music,Visual_Arts
Music,Visual_Arts
Music,Visual_Arts
Music,Visual_Arts
Music,Visual_Arts
Music,Visual_Arts
Dance,Visual_Arts
Dance,Visual_Arts
Dance,Visual_Arts
Dance,Visual_Arts
Dance,Visual_Arts
Dance,Visual_Arts
Dance,Visual_Arts
Dance,Visual_Arts
Dance,Visual_Arts
Dance,Visual_Arts
Theater,Visual_Arts
Theater,Visual_Arts
Theater,Visual_Arts
Theater,Visual_Arts
Theater,Visual_Arts
Theater,Visual_Arts
Theater,Visual_Arts
Theater,Visual_Arts
Theater,Visual_Arts
Theater,Visual_Arts
Theater,Visual_Arts
Theater,Visual_Arts
Theater,Visual_Arts
Theater,Visual_Arts
Theater,Visual_Arts
Theater,Visual_Arts
Theater,Visual_Arts
Theater,Visual_Arts
Theater,Visual_Arts
Theater,Visual_Arts
Social_Activism,Visual_Arts
Social_Activism,Visual_Arts
Social_Activism,Visual_Arts
Social_Activism,Visual_Arts
Social_Activism,Visual_Arts
Social_Activism,Visual_Arts
Social_Activism,Visual_Arts
Social_Activism,Visual_Arts
Social_Activism,Visual_Arts
Social_Activism,Visual_Arts
Social_Activism,Visual_Arts
Social_Activism,Visual_Arts
Social_Activism,Visual_Arts
Social_Activism,Visual_Arts
Social_Activism,Visual_Arts
Education,Visual_Arts
Education,Visual_Arts
Education,Visual_Arts
Literature,Visual_Arts
Literature,Visual_Arts
Literature,Visual_Arts
Literature,Visual_Arts
Literature,Visual_Arts
Literature,Visual_Arts
Literature,Visual_Arts
Music,Music
Music,Music
Music,Music
Music,Music
Music,Music
Music,Music
Music,Music
Music,Music
Music,Music
Music,Music
Music,Music
Music,Music
Music,Music
Music,Music
Music,Music
Music,Music
Music,Music
Music,Music
Music,Music
Music,Music
Music,Music
Music,Music
Music,Music
Music,Music
Music,Music
Music,Music
Music,Music
Music,Music
Music,Music
Music,Music
Music,Music
Music,Music
Music,Music
Music,Music
Music,Music
Music,Music
Music,Music
Music,Music
Music,Music
Music,Music
Visual_Arts,Music
Visual_Arts,Music
Visual_Arts,Music
Visual_Arts,Music
Visual_Arts,Music
Visual_Arts,Music
Visual_Arts,Music
Visual_Arts,Music
Visual_Arts,Music
Visual_Arts,Music
Visual_Arts,Music
Visual_Arts,Music
Visual_Arts,Music
Visual_Arts,Music
Visual_Arts,Music
Dance,Music
Dance,Music
Dance,Music
Dance,Music
Dance,Music
Dance,Music
Dance,Music
Dance,Music
Dance,Music
Dance,Music
Dance,Music
Dance,Music
Dance,Music
Dance,Music
Dance,Music
Dance,Music
Dance,Music
Dance,Music
Dance,Music
Dance,Music
Theater,Music
Theater,Music
Theater,Music
Theater,Music
Theater,Music
Theater,Music
Theater,Music
Theater,Music
Theater,Music
Theater,Music
Theater,Music
Theater,Music
Theater,Music
Theater,Music
Theater,Music
Theater,Music
Theater,Music
Theater,Music
Theater,Music
Theater,Music
Education,Music
Education,Music
Education,Music
Education,Music
Education,Music
Dance,Dance
Dance,Dance
Dance,Dance
Dance,Dance
Dance,Dance
Dance,Dance
Dance,Dance
Dance,Dance
Dance,Dance
Dance,Dance
Dance,Dance
Dance,Dance
Dance,Dance
Dance,Dance
Dance,Dance
Dance,Dance
Dance,Dance
Dance,Dance
Dance,Dance
Dance,Dance
Dance,Dance
Dance,Dance
Dance,Dance
Dance,Dance
Dance,Dance
Dance,Dance
Dance,Dance
Dance,Dance
Dance,Dance
Dance,Dance
Dance,Dance
Dance,Dance
Dance,Dance
Dance,Dance
Dance,Dance
Dance,Dance
Dance,Dance
Dance,Dance
Dance,Dance
Dance,Dance
Dance,Dance
Dance,Dance
Dance,Dance
Dance,Dance
Dance,Dance
Music,Dance
Music,Dance
Music,Dance
Music,Dance
Music,Dance
Music,Dance
Music,Dance
Music,Dance
Music,Dance
Music,Dance
Sports,Dance
Sports,Dance
Sports,Dance
Sports,Dance
Sports,Dance
Sports,Dance
Sports,Dance
Sports,Dance
Sports,Dance
Sports,Dance
Sports,Dance
Sports,Dance
Sports,Dance
Sports,Dance
Sports,Dance
Theater,Dance
Theater,Dance
Theater,Dance
Theater,Dance
Theater,Dance
Theater,Dance
Theater,Dance
Theater,Dance
Theater,Dance
Theater,Dance
Theater,Dance
Theater,Dance
Theater,Dance
Theater,Dance
Theater,Dance
Visual_Arts,Dance
Visual_Arts,Dance
Visual_Arts,Dance
Visual_Arts,Dance
Visual_Arts,Dance
Visual_Arts,Dance
Visual_Arts,Dance
Visual_Arts,Dance
Visual_Arts,Dance
Visual_Arts,Dance
Visual_Arts,Dance
Visual_Arts,Dance
Visual_Arts,Dance
Visual_Arts,Dance
Visual_Arts,Dance
Theater,Theater
Theater,Theater
Theater,Theater
Theater,Theater
Theater,Theater
Theater,Theater
Theater,Theater
Theater,Theater
Theater,Theater
Theater,Theater
Theater,Theater
Theater,Theater
Theater,Theater
Theater,Theater
Theater,Theater
Theater,Theater
Theater,Theater
Theater,Theater
Theater,Theater
Theater,Theater
Theater,Theater
Theater,Theater
Theater,Theater
Theater,Theater
Theater,Theater
Theater,Theater
Theater,Theater
Theater,Theater
Theater,Theater
Theater,Theater
Theater,Theater
Theater,Theater
Theater,Theater
Theater,Theater
Theater,Theater
Theater,Theater
Theater,Theater
Theater,Theater
Theater,Theater
Theater,Theater
Dance,Theater
Dance,Theater
Dance,Theater
Dance,Theater
Dance,Theater
Dance,Theater
Dance,Theater
Dance,Theater
Dance,Theater
Dance,Theater
Music,Theater
Music,Theater
Music,Theater
Music,Theater
Music,Theater
Music,Theater
Music,Theater
Music,Theater
Music,Theater
Music,Theater
Visual_Arts,Theater
Visual_Arts,Theater
Visual_Arts,Theater
Visual_Arts,Theater
Visual_Arts,Theater
Visual_Arts,Theater
Visual_Arts,Theater
Visual_Arts,Theater
Visual_Arts,Theater
Visual_Arts,Theater
Visual_Arts,Theater
Visual_Arts,Theater
Visual_Arts,Theater
Visual_Arts,Theater
Visual_Arts,Theater
Literature,Theater
Literature,Theater
Literature,Theater
Literature,Theater
Literature,Theater
Literature,Theater
Literature,Theater
Literature,Theater
Literature,Theater
Literature,Theater
Literature,Theater
Literature,Theater
Literature,Theater
Literature,Theater
Literature,Theater
Literature,Theater
Literature,Theater
Literature,Theater
Literature,Theater
Literature,Theater
Literature,Theater
Literature,Theater
Literature,Theater
Literature,Theater
Literature,Theater
International,International
International,International
International,International
International,International
International,International
International,International
International,International
International,International
International,International
International,International
International,International
International,International
International,International
International,International
International,International
International,International
International,International
International,International
International,International
International,International
International,International
International,International
International,International
International,International
International,International
International,International
International,International
International,International
International,International
International,International
Current_Events,International
Current_Events,International
Current_Events,International
Current_Events,International
Current_Events,International
Current_Events,International
Current_Events,International
Current_Events,International
Current_Events,International
Current_Events,International
Current_Events,International
Current_Events,International
Current_Events,International
Current_Events,International
Current_Events,International
Current_Events,International
Current_Events,International
Current_Events,International
Current_Events,International
Current_Events,International
Current_Events,International
Current_Events,International
Current_Events,International
Current_Events,International
Current_Events,International
Law,International
Law,International
Law,International
Law,International
Law,International
Law,International
Law,International
Law,International
Law,International
Law,International
Education,International
Education,International
Education,International
Education,International
Education,International
Education,International
Education,International
Education,International
Education,International
Education,International
Education,International
Education,International
Education,International
Education,International
Education,International
Literature,International
Literature,International
Literature,International
Literature,International
Literature,International
Literature,International
Literature,International
Literature,International
Literature,International
Literature,International
Literature,International
Literature,International
Literature,International
Literature,International
Literature,International
Health_and_Medicine,International
Health_and_Medicine,International
Health_and_Medicine,International
Health_and_Medicine,International
Health_and_Medicine,International
Current_Events,Current_Events
Current_Events,Current_Events
Current_Events,Current_Events
Current_Events,Current_Events
Current_Events,Current_Events
Current_Events,Current_Events
Current_Events,Current_Events
Current_Events,Current_Events
Current_Events,Current_Events
Current_Events,Current_Events
Current_Events,Current_Events
Current_Events,Current_Events
Current_Events,Current_Events
Current_Events,Current_Events
Current_Events,Current_Events
Current_Events,Current_Events
Current_Events,Current_Events
Current_Events,Current_Events
Current_Events,Current_Events
Current_Events,Current_Events
Current_Events,Current_Events
Current_Events,Current_Events
Current_Events,Current_Events
Current_Events,Current_Events
Current_Events,Current_Events
Current_Events,Current_Events
Current_Events,Current_Events
Current_Events,Current_Events
Current_Events,Current_Events
Current_Events,Current_Events
International,Current_Events
International,Current_Events
International,Current_Events
International,Current_Events
International,Current_Events
International,Current_Events
International,Current_Events
International,Current_Events
International,Current_Events
International,Current_Events
International,Current_Events
International,Current_Events
International,Current_Events
International,Current_Events
International,Current_Events
International,Current_Events
International,Current_Events
International,Current_Events
International,Current_Events
International,Current_Events
Law,Current_Events
Law,Current_Events
Law,Current_Events
Law,Current_Events
Law,Current_Events
Law,Current_Events
Law,Current_Events
Law,Current_Events
Law,Current_Events
Law,Current_Events
Finance,Current_Events
Finance,Current_Events
Finance,Current_Events
Finance,Current_Events
Finance,Current_Events
Education,Current_Events
Education,Current_Events
Education,Current_Events
Education,Current_Events
Education,Current_Events
Education,Current_Events
Education,Current_Events
Education,Current_Events
Education,Current_Events
Education,Current_Events
Education,Current_Events
Education,Current_Events
Education,Current_Events
Education,Current_Events
Education,Current_Events
Literature,Current_Events
Literature,Current_Events
Literature,Current_Events
Literature,Current_Events
Literature,Current_Events
Social_Activism,Current_Events
Social_Activism,Current_Events
Social_Activism,Current_Events
Social_Activism,Current_Events
Social_Activism,Current_Events
Social_Activism,Current_Events
Social_Activism,Current_Events
Social_Activism,Current_Events
Social_Activism,Current_Events
Social_Activism,Current_Events
Social_Activism,Current_Events
Social_Activism,Current_Events
Social_Activism,Current_Events
Social_Activism,Current_Events
Social_Activism,Current_Events
